Source,Date,Mean
GISTEMP,2016-12-02,0.81
GISTEMP,2016-11-02,0.93
GISTEMP,2016-10-02,0.89
GISTEMP,2016-09-02,0.87
GISTEMP,2016-08-02,0.98
GISTEMP,2016-07-02,0.83
GISTEMP,2016-06-02,0.76
GISTEMP,2016-05-02,0.93
GISTEMP,2016-04-02,1.09
GISTEMP,2016-03-02,1.3
GISTEMP,2016-02-02,1.35
GISTEMP,2016-01-02,1.17
GISTEMP,2015-12-02,1.11
GISTEMP,2015-11-02,1.04
GISTEMP,2015-10-02,1.06
GISTEMP,2015-09-02,0.81
GISTEMP,2015-08-02,0.78
GISTEMP,2015-07-02,0.71
GISTEMP,2015-06-02,0.78
GISTEMP,2015-05-02,0.78
GISTEMP,2015-04-02,0.74
GISTEMP,2015-03-02,0.9
GISTEMP,2015-02-02,0.86
GISTEMP,2015-01-02,0.81
GISTEMP,2014-12-02,0.79
GISTEMP,2014-11-02,0.67
GISTEMP,2014-10-02,0.85
GISTEMP,2014-09-02,0.9
GISTEMP,2014-08-02,0.82
GISTEMP,2014-07-02,0.57
GISTEMP,2014-06-02,0.66
GISTEMP,2014-05-02,0.87
GISTEMP,2014-04-02,0.78
GISTEMP,2014-03-02,0.77
GISTEMP,2014-02-02,0.51
GISTEMP,2014-01-02,0.73
GISTEMP,2013-12-02,0.67
GISTEMP,2013-11-02,0.81
GISTEMP,2013-10-02,0.69
GISTEMP,2013-09-02,0.78
GISTEMP,2013-08-02,0.66
GISTEMP,2013-07-02,0.59
GISTEMP,2013-06-02,0.65
GISTEMP,2013-05-02,0.61
GISTEMP,2013-04-02,0.52
GISTEMP,2013-03-02,0.66
GISTEMP,2013-02-02,0.55
GISTEMP,2013-01-02,0.68
GISTEMP,2012-12-02,0.53
GISTEMP,2012-11-02,0.75
GISTEMP,2012-10-02,0.78
GISTEMP,2012-09-02,0.76
GISTEMP,2012-08-02,0.63
GISTEMP,2012-07-02,0.57
GISTEMP,2012-06-02,0.62
GISTEMP,2012-05-02,0.76
GISTEMP,2012-04-02,0.69
GISTEMP,2012-03-02,0.58
GISTEMP,2012-02-02,0.49
GISTEMP,2012-01-02,0.46
GISTEMP,2011-12-02,0.54
GISTEMP,2011-11-02,0.56
GISTEMP,2011-10-02,0.66
GISTEMP,2011-09-02,0.56
GISTEMP,2011-08-02,0.73
GISTEMP,2011-07-02,0.73
GISTEMP,2011-06-02,0.59
GISTEMP,2011-05-02,0.53
GISTEMP,2011-04-02,0.65
GISTEMP,2011-03-02,0.64
GISTEMP,2011-02-02,0.53
GISTEMP,2011-01-02,0.51
GISTEMP,2010-12-02,0.49
GISTEMP,2010-11-02,0.79
GISTEMP,2010-10-02,0.71
GISTEMP,2010-09-02,0.61
GISTEMP,2010-08-02,0.65
GISTEMP,2010-07-02,0.62
GISTEMP,2010-06-02,0.64
GISTEMP,2010-05-02,0.75
GISTEMP,2010-04-02,0.87
GISTEMP,2010-03-02,0.92
GISTEMP,2010-02-02,0.78
GISTEMP,2010-01-02,0.73
GISTEMP,2009-12-02,0.65
GISTEMP,2009-11-02,0.77
GISTEMP,2009-10-02,0.64
GISTEMP,2009-09-02,0.7
GISTEMP,2009-08-02,0.66
GISTEMP,2009-07-02,0.72
GISTEMP,2009-06-02,0.65
GISTEMP,2009-05-02,0.65
GISTEMP,2009-04-02,0.61
GISTEMP,2009-03-02,0.53
GISTEMP,2009-02-02,0.53
GISTEMP,2009-01-02,0.62
GISTEMP,2008-12-02,0.54
GISTEMP,2008-11-02,0.66
GISTEMP,2008-10-02,0.67
GISTEMP,2008-09-02,0.65
GISTEMP,2008-08-02,0.44
GISTEMP,2008-07-02,0.6
GISTEMP,2008-06-02,0.48
GISTEMP,2008-05-02,0.51
GISTEMP,2008-04-02,0.53
GISTEMP,2008-03-02,0.73
GISTEMP,2008-02-02,0.36
GISTEMP,2008-01-02,0.24
GISTEMP,2007-12-02,0.5
GISTEMP,2007-11-02,0.57
GISTEMP,2007-10-02,0.6
GISTEMP,2007-09-02,0.64
GISTEMP,2007-08-02,0.6
GISTEMP,2007-07-02,0.62
GISTEMP,2007-06-02,0.58
GISTEMP,2007-05-02,0.67
GISTEMP,2007-04-02,0.76
GISTEMP,2007-03-02,0.7
GISTEMP,2007-02-02,0.7
GISTEMP,2007-01-02,0.96
GISTEMP,2006-12-02,0.77
GISTEMP,2006-11-02,0.72
GISTEMP,2006-10-02,0.69
GISTEMP,2006-09-02,0.64
GISTEMP,2006-08-02,0.72
GISTEMP,2006-07-02,0.54
GISTEMP,2006-06-02,0.64
GISTEMP,2006-05-02,0.47
GISTEMP,2006-04-02,0.5
GISTEMP,2006-03-02,0.63
GISTEMP,2006-02-02,0.7
GISTEMP,2006-01-02,0.57
GISTEMP,2005-12-02,0.68
GISTEMP,2005-11-02,0.76
GISTEMP,2005-10-02,0.8
GISTEMP,2005-09-02,0.78
GISTEMP,2005-08-02,0.63
GISTEMP,2005-07-02,0.66
GISTEMP,2005-06-02,0.67
GISTEMP,2005-05-02,0.65
GISTEMP,2005-04-02,0.69
GISTEMP,2005-03-02,0.69
GISTEMP,2005-02-02,0.58
GISTEMP,2005-01-02,0.72
GISTEMP,2004-12-02,0.52
GISTEMP,2004-11-02,0.72
GISTEMP,2004-10-02,0.66
GISTEMP,2004-09-02,0.53
GISTEMP,2004-08-02,0.45
GISTEMP,2004-07-02,0.26
GISTEMP,2004-06-02,0.43
GISTEMP,2004-05-02,0.42
GISTEMP,2004-04-02,0.62
GISTEMP,2004-03-02,0.64
GISTEMP,2004-02-02,0.71
GISTEMP,2004-01-02,0.59
GISTEMP,2003-12-02,0.75
GISTEMP,2003-11-02,0.55
GISTEMP,2003-10-02,0.75
GISTEMP,2003-09-02,0.66
GISTEMP,2003-08-02,0.66
GISTEMP,2003-07-02,0.55
GISTEMP,2003-06-02,0.49
GISTEMP,2003-05-02,0.62
GISTEMP,2003-04-02,0.55
GISTEMP,2003-03-02,0.57
GISTEMP,2003-02-02,0.55
GISTEMP,2003-01-02,0.73
GISTEMP,2002-12-02,0.43
GISTEMP,2002-11-02,0.59
GISTEMP,2002-10-02,0.57
GISTEMP,2002-09-02,0.65
GISTEMP,2002-08-02,0.55
GISTEMP,2002-07-02,0.62
GISTEMP,2002-06-02,0.54
GISTEMP,2002-05-02,0.65
GISTEMP,2002-04-02,0.58
GISTEMP,2002-03-02,0.91
GISTEMP,2002-02-02,0.76
GISTEMP,2002-01-02,0.75
GISTEMP,2001-12-02,0.55
GISTEMP,2001-11-02,0.7
GISTEMP,2001-10-02,0.52
GISTEMP,2001-09-02,0.56
GISTEMP,2001-08-02,0.49
GISTEMP,2001-07-02,0.61
GISTEMP,2001-06-02,0.55
GISTEMP,2001-05-02,0.59
GISTEMP,2001-04-02,0.52
GISTEMP,2001-03-02,0.58
GISTEMP,2001-02-02,0.46
GISTEMP,2001-01-02,0.44
GISTEMP,2000-12-02,0.3
GISTEMP,2000-11-02,0.34
GISTEMP,2000-10-02,0.3
GISTEMP,2000-09-02,0.42
GISTEMP,2000-08-02,0.43
GISTEMP,2000-07-02,0.42
GISTEMP,2000-06-02,0.44
GISTEMP,2000-05-02,0.4
GISTEMP,2000-04-02,0.59
GISTEMP,2000-03-02,0.6
GISTEMP,2000-02-02,0.58
GISTEMP,2000-01-02,0.26
GISTEMP,1999-12-02,0.46
GISTEMP,1999-11-02,0.42
GISTEMP,1999-10-02,0.43
GISTEMP,1999-09-02,0.43
GISTEMP,1999-08-02,0.34
GISTEMP,1999-07-02,0.41
GISTEMP,1999-06-02,0.37
GISTEMP,1999-05-02,0.33
GISTEMP,1999-04-02,0.34
GISTEMP,1999-03-02,0.34
GISTEMP,1999-02-02,0.66
GISTEMP,1999-01-02,0.48
GISTEMP,1998-12-02,0.56
GISTEMP,1998-11-02,0.5
GISTEMP,1998-10-02,0.47
GISTEMP,1998-09-02,0.45
GISTEMP,1998-08-02,0.68
GISTEMP,1998-07-02,0.71
GISTEMP,1998-06-02,0.78
GISTEMP,1998-05-02,0.71
GISTEMP,1998-04-02,0.64
GISTEMP,1998-03-02,0.63
GISTEMP,1998-02-02,0.9
GISTEMP,1998-01-02,0.61
GISTEMP,1997-12-02,0.6
GISTEMP,1997-11-02,0.66
GISTEMP,1997-10-02,0.64
GISTEMP,1997-09-02,0.56
GISTEMP,1997-08-02,0.43
GISTEMP,1997-07-02,0.35
GISTEMP,1997-06-02,0.55
GISTEMP,1997-05-02,0.39
GISTEMP,1997-04-02,0.38
GISTEMP,1997-03-02,0.52
GISTEMP,1997-02-02,0.37
GISTEMP,1997-01-02,0.33
GISTEMP,1996-12-02,0.41
GISTEMP,1996-11-02,0.42
GISTEMP,1996-10-02,0.2
GISTEMP,1996-09-02,0.27
GISTEMP,1996-08-02,0.49
GISTEMP,1996-07-02,0.37
GISTEMP,1996-06-02,0.27
GISTEMP,1996-05-02,0.3
GISTEMP,1996-04-02,0.38
GISTEMP,1996-03-02,0.34
GISTEMP,1996-02-02,0.5
GISTEMP,1996-01-02,0.27
GISTEMP,1995-12-02,0.3
GISTEMP,1995-11-02,0.45
GISTEMP,1995-10-02,0.49
GISTEMP,1995-09-02,0.34
GISTEMP,1995-08-02,0.48
GISTEMP,1995-07-02,0.49
GISTEMP,1995-06-02,0.45
GISTEMP,1995-05-02,0.29
GISTEMP,1995-04-02,0.47
GISTEMP,1995-03-02,0.45
GISTEMP,1995-02-02,0.77
GISTEMP,1995-01-02,0.5
GISTEMP,1994-12-02,0.36
GISTEMP,1994-11-02,0.46
GISTEMP,1994-10-02,0.42
GISTEMP,1994-09-02,0.32
GISTEMP,1994-08-02,0.23
GISTEMP,1994-07-02,0.32
GISTEMP,1994-06-02,0.42
GISTEMP,1994-05-02,0.29
GISTEMP,1994-04-02,0.41
GISTEMP,1994-03-02,0.26
GISTEMP,1994-02-02,0.04
GISTEMP,1994-01-02,0.3
GISTEMP,1993-12-02,0.19
GISTEMP,1993-11-02,0.07
GISTEMP,1993-10-02,0.24
GISTEMP,1993-09-02,0.11
GISTEMP,1993-08-02,0.13
GISTEMP,1993-07-02,0.28
GISTEMP,1993-06-02,0.24
GISTEMP,1993-05-02,0.26
GISTEMP,1993-04-02,0.28
GISTEMP,1993-03-02,0.36
GISTEMP,1993-02-02,0.39
GISTEMP,1993-01-02,0.37
GISTEMP,1992-12-02,0.22
GISTEMP,1992-11-02,0.04
GISTEMP,1992-10-02,0.11
GISTEMP,1992-09-02,0.01
GISTEMP,1992-08-02,0.1
GISTEMP,1992-07-02,0.13
GISTEMP,1992-06-02,0.24
GISTEMP,1992-05-02,0.32
GISTEMP,1992-04-02,0.24
GISTEMP,1992-03-02,0.47
GISTEMP,1992-02-02,0.42
GISTEMP,1992-01-02,0.45
GISTEMP,1991-12-02,0.33
GISTEMP,1991-11-02,0.31
GISTEMP,1991-10-02,0.32
GISTEMP,1991-09-02,0.5
GISTEMP,1991-08-02,0.42
GISTEMP,1991-07-02,0.51
GISTEMP,1991-06-02,0.54
GISTEMP,1991-05-02,0.39
GISTEMP,1991-04-02,0.53
GISTEMP,1991-03-02,0.36
GISTEMP,1991-02-02,0.51
GISTEMP,1991-01-02,0.42
GISTEMP,1990-12-02,0.42
GISTEMP,1990-11-02,0.46
GISTEMP,1990-10-02,0.43
GISTEMP,1990-09-02,0.3
GISTEMP,1990-08-02,0.3
GISTEMP,1990-07-02,0.44
GISTEMP,1990-06-02,0.38
GISTEMP,1990-05-02,0.46
GISTEMP,1990-04-02,0.55
GISTEMP,1990-03-02,0.76
GISTEMP,1990-02-02,0.41
GISTEMP,1990-01-02,0.41
GISTEMP,1989-12-02,0.37
GISTEMP,1989-11-02,0.21
GISTEMP,1989-10-02,0.32
GISTEMP,1989-09-02,0.37
GISTEMP,1989-08-02,0.36
GISTEMP,1989-07-02,0.34
GISTEMP,1989-06-02,0.15
GISTEMP,1989-05-02,0.17
GISTEMP,1989-04-02,0.33
GISTEMP,1989-03-02,0.36
GISTEMP,1989-02-02,0.35
GISTEMP,1989-01-02,0.16
GISTEMP,1988-12-02,0.34
GISTEMP,1988-11-02,0.13
GISTEMP,1988-10-02,0.4
GISTEMP,1988-09-02,0.42
GISTEMP,1988-08-02,0.46
GISTEMP,1988-07-02,0.35
GISTEMP,1988-06-02,0.42
GISTEMP,1988-05-02,0.44
GISTEMP,1988-04-02,0.45
GISTEMP,1988-03-02,0.49
GISTEMP,1988-02-02,0.42
GISTEMP,1988-01-02,0.57
GISTEMP,1987-12-02,0.47
GISTEMP,1987-11-02,0.25
GISTEMP,1987-10-02,0.32
GISTEMP,1987-09-02,0.39
GISTEMP,1987-08-02,0.28
GISTEMP,1987-07-02,0.46
GISTEMP,1987-06-02,0.36
GISTEMP,1987-05-02,0.26
GISTEMP,1987-04-02,0.24
GISTEMP,1987-03-02,0.17
GISTEMP,1987-02-02,0.46
GISTEMP,1987-01-02,0.36
GISTEMP,1986-12-02,0.16
GISTEMP,1986-11-02,0.11
GISTEMP,1986-10-02,0.14
GISTEMP,1986-09-02,0.02
GISTEMP,1986-08-02,0.12
GISTEMP,1986-07-02,0.13
GISTEMP,1986-06-02,0.12
GISTEMP,1986-05-02,0.26
GISTEMP,1986-04-02,0.26
GISTEMP,1986-03-02,0.29
GISTEMP,1986-02-02,0.39
GISTEMP,1986-01-02,0.3
GISTEMP,1985-12-02,0.15
GISTEMP,1985-11-02,0.09
GISTEMP,1985-10-02,0.11
GISTEMP,1985-09-02,0.14
GISTEMP,1985-08-02,0.15
GISTEMP,1985-07-02,0
GISTEMP,1985-06-02,0.17
GISTEMP,1985-05-02,0.17
GISTEMP,1985-04-02,0.11
GISTEMP,1985-03-02,0.17
GISTEMP,1985-02-02,-0.06
GISTEMP,1985-01-02,0.21
GISTEMP,1984-12-02,-0.06
GISTEMP,1984-11-02,0.04
GISTEMP,1984-10-02,0.15
GISTEMP,1984-09-02,0.2
GISTEMP,1984-08-02,0.15
GISTEMP,1984-07-02,0.16
GISTEMP,1984-06-02,0.04
GISTEMP,1984-05-02,0.33
GISTEMP,1984-04-02,0.08
GISTEMP,1984-03-02,0.29
GISTEMP,1984-02-02,0.17
GISTEMP,1984-01-02,0.3
GISTEMP,1983-12-02,0.17
GISTEMP,1983-11-02,0.3
GISTEMP,1983-10-02,0.15
GISTEMP,1983-09-02,0.38
GISTEMP,1983-08-02,0.3
GISTEMP,1983-07-02,0.15
GISTEMP,1983-06-02,0.18
GISTEMP,1983-05-02,0.35
GISTEMP,1983-04-02,0.3
GISTEMP,1983-03-02,0.42
GISTEMP,1983-02-02,0.4
GISTEMP,1983-01-02,0.52
GISTEMP,1982-12-02,0.43
GISTEMP,1982-11-02,0.14
GISTEMP,1982-10-02,0.13
GISTEMP,1982-09-02,0.15
GISTEMP,1982-08-02,0.08
GISTEMP,1982-07-02,0.13
GISTEMP,1982-06-02,0.05
GISTEMP,1982-05-02,0.16
GISTEMP,1982-04-02,0.1
GISTEMP,1982-03-02,-0.01
GISTEMP,1982-02-02,0.14
GISTEMP,1982-01-02,0.09
GISTEMP,1981-12-02,0.4
GISTEMP,1981-11-02,0.21
GISTEMP,1981-10-02,0.13
GISTEMP,1981-09-02,0.17
GISTEMP,1981-08-02,0.35
GISTEMP,1981-07-02,0.35
GISTEMP,1981-06-02,0.31
GISTEMP,1981-05-02,0.25
GISTEMP,1981-04-02,0.32
GISTEMP,1981-03-02,0.48
GISTEMP,1981-02-02,0.41
GISTEMP,1981-01-02,0.56
GISTEMP,1980-12-02,0.21
GISTEMP,1980-11-02,0.3
GISTEMP,1980-10-02,0.2
GISTEMP,1980-09-02,0.21
GISTEMP,1980-08-02,0.24
GISTEMP,1980-07-02,0.28
GISTEMP,1980-06-02,0.16
GISTEMP,1980-05-02,0.34
GISTEMP,1980-04-02,0.32
GISTEMP,1980-03-02,0.29
GISTEMP,1980-02-02,0.42
GISTEMP,1980-01-02,0.3
GISTEMP,1979-12-02,0.47
GISTEMP,1979-11-02,0.29
GISTEMP,1979-10-02,0.26
GISTEMP,1979-09-02,0.27
GISTEMP,1979-08-02,0.14
GISTEMP,1979-07-02,0.03
GISTEMP,1979-06-02,0.14
GISTEMP,1979-05-02,0.06
GISTEMP,1979-04-02,0.13
GISTEMP,1979-03-02,0.19
GISTEMP,1979-02-02,-0.09
GISTEMP,1979-01-02,0.14
GISTEMP,1978-12-02,0.11
GISTEMP,1978-11-02,0.16
GISTEMP,1978-10-02,0
GISTEMP,1978-09-02,0.05
GISTEMP,1978-08-02,-0.18
GISTEMP,1978-07-02,0.07
GISTEMP,1978-06-02,-0.03
GISTEMP,1978-05-02,0.07
GISTEMP,1978-04-02,0.15
GISTEMP,1978-03-02,0.21
GISTEMP,1978-02-02,0.14
GISTEMP,1978-01-02,0.08
GISTEMP,1977-12-02,0.05
GISTEMP,1977-11-02,0.2
GISTEMP,1977-10-02,0.04
GISTEMP,1977-09-02,0.02
GISTEMP,1977-08-02,0.19
GISTEMP,1977-07-02,0.23
GISTEMP,1977-06-02,0.25
GISTEMP,1977-05-02,0.3
GISTEMP,1977-04-02,0.27
GISTEMP,1977-03-02,0.25
GISTEMP,1977-02-02,0.2
GISTEMP,1977-01-02,0.18
GISTEMP,1976-12-02,0.09
GISTEMP,1976-11-02,-0.06
GISTEMP,1976-10-02,-0.26
GISTEMP,1976-09-02,-0.09
GISTEMP,1976-08-02,-0.18
GISTEMP,1976-07-02,-0.12
GISTEMP,1976-06-02,-0.15
GISTEMP,1976-05-02,-0.23
GISTEMP,1976-04-02,-0.1
GISTEMP,1976-03-02,-0.21
GISTEMP,1976-02-02,-0.06
GISTEMP,1976-01-02,0
GISTEMP,1975-12-02,-0.17
GISTEMP,1975-11-02,-0.16
GISTEMP,1975-10-02,-0.09
GISTEMP,1975-09-02,-0.03
GISTEMP,1975-08-02,-0.2
GISTEMP,1975-07-02,-0.03
GISTEMP,1975-06-02,-0.02
GISTEMP,1975-05-02,0.16
GISTEMP,1975-04-02,0.06
GISTEMP,1975-03-02,0.14
GISTEMP,1975-02-02,0.07
GISTEMP,1975-01-02,0.07
GISTEMP,1974-12-02,-0.09
GISTEMP,1974-11-02,-0.07
GISTEMP,1974-10-02,-0.07
GISTEMP,1974-09-02,-0.12
GISTEMP,1974-08-02,0.12
GISTEMP,1974-07-02,-0.03
GISTEMP,1974-06-02,-0.05
GISTEMP,1974-05-02,-0.01
GISTEMP,1974-04-02,-0.1
GISTEMP,1974-03-02,-0.05
GISTEMP,1974-02-02,-0.28
GISTEMP,1974-01-02,-0.14
GISTEMP,1973-12-02,-0.06
GISTEMP,1973-11-02,0.06
GISTEMP,1973-10-02,0.12
GISTEMP,1973-09-02,0.06
GISTEMP,1973-08-02,0.02
GISTEMP,1973-07-02,0.09
GISTEMP,1973-06-02,0.16
GISTEMP,1973-05-02,0.26
GISTEMP,1973-04-02,0.25
GISTEMP,1973-03-02,0.26
GISTEMP,1973-02-02,0.3
GISTEMP,1973-01-02,0.28
GISTEMP,1972-12-02,0.18
GISTEMP,1972-11-02,0.03
GISTEMP,1972-10-02,0.09
GISTEMP,1972-09-02,0.03
GISTEMP,1972-08-02,0.18
GISTEMP,1972-07-02,0.02
GISTEMP,1972-06-02,0.04
GISTEMP,1972-05-02,-0.03
GISTEMP,1972-04-02,-0.01
GISTEMP,1972-03-02,0.02
GISTEMP,1972-02-02,-0.17
GISTEMP,1972-01-02,-0.24
GISTEMP,1971-12-02,-0.08
GISTEMP,1971-11-02,-0.04
GISTEMP,1971-10-02,-0.05
GISTEMP,1971-09-02,-0.01
GISTEMP,1971-08-02,-0.03
GISTEMP,1971-07-02,-0.12
GISTEMP,1971-06-02,-0.18
GISTEMP,1971-05-02,-0.06
GISTEMP,1971-04-02,-0.09
GISTEMP,1971-03-02,-0.18
GISTEMP,1971-02-02,-0.2
GISTEMP,1971-01-02,-0.02
GISTEMP,1970-12-02,-0.13
GISTEMP,1970-11-02,0.01
GISTEMP,1970-10-02,0.05
GISTEMP,1970-09-02,0.11
GISTEMP,1970-08-02,-0.11
GISTEMP,1970-07-02,-0.04
GISTEMP,1970-06-02,-0.03
GISTEMP,1970-05-02,-0.05
GISTEMP,1970-04-02,0.09
GISTEMP,1970-03-02,0.08
GISTEMP,1970-02-02,0.22
GISTEMP,1970-01-02,0.09
GISTEMP,1969-12-02,0.27
GISTEMP,1969-11-02,0.12
GISTEMP,1969-10-02,0.11
GISTEMP,1969-09-02,0.1
GISTEMP,1969-08-02,0.03
GISTEMP,1969-07-02,-0.01
GISTEMP,1969-06-02,0.05
GISTEMP,1969-05-02,0.2
GISTEMP,1969-04-02,0.19
GISTEMP,1969-03-02,0
GISTEMP,1969-02-02,-0.14
GISTEMP,1969-01-02,-0.11
GISTEMP,1968-12-02,-0.14
GISTEMP,1968-11-02,-0.04
GISTEMP,1968-10-02,0.12
GISTEMP,1968-09-02,-0.18
GISTEMP,1968-08-02,-0.11
GISTEMP,1968-07-02,-0.11
GISTEMP,1968-06-02,-0.06
GISTEMP,1968-05-02,-0.1
GISTEMP,1968-04-02,-0.05
GISTEMP,1968-03-02,0.21
GISTEMP,1968-02-02,-0.15
GISTEMP,1968-01-02,-0.23
GISTEMP,1967-12-02,-0.02
GISTEMP,1967-11-02,-0.06
GISTEMP,1967-10-02,0.06
GISTEMP,1967-09-02,-0.04
GISTEMP,1967-08-02,0.02
GISTEMP,1967-07-02,0.01
GISTEMP,1967-06-02,-0.08
GISTEMP,1967-05-02,0.14
GISTEMP,1967-04-02,-0.05
GISTEMP,1967-03-02,0.03
GISTEMP,1967-02-02,-0.2
GISTEMP,1967-01-02,-0.06
GISTEMP,1966-12-02,-0.06
GISTEMP,1966-11-02,-0.02
GISTEMP,1966-10-02,-0.15
GISTEMP,1966-09-02,-0.01
GISTEMP,1966-08-02,-0.1
GISTEMP,1966-07-02,0.09
GISTEMP,1966-06-02,0.02
GISTEMP,1966-05-02,-0.1
GISTEMP,1966-04-02,-0.13
GISTEMP,1966-03-02,0.04
GISTEMP,1966-02-02,0
GISTEMP,1966-01-02,-0.16
GISTEMP,1965-12-02,-0.05
GISTEMP,1965-11-02,-0.06
GISTEMP,1965-10-02,-0.04
GISTEMP,1965-09-02,-0.15
GISTEMP,1965-08-02,-0.01
GISTEMP,1965-07-02,-0.12
GISTEMP,1965-06-02,-0.08
GISTEMP,1965-05-02,-0.14
GISTEMP,1965-04-02,-0.2
GISTEMP,1965-03-02,-0.11
GISTEMP,1965-02-02,-0.17
GISTEMP,1965-01-02,-0.09
GISTEMP,1964-12-02,-0.3
GISTEMP,1964-11-02,-0.21
GISTEMP,1964-10-02,-0.3
GISTEMP,1964-09-02,-0.28
GISTEMP,1964-08-02,-0.2
GISTEMP,1964-07-02,-0.07
GISTEMP,1964-06-02,-0.07
GISTEMP,1964-05-02,-0.25
GISTEMP,1964-04-02,-0.3
GISTEMP,1964-03-02,-0.22
GISTEMP,1964-02-02,-0.12
GISTEMP,1964-01-02,-0.06
GISTEMP,1963-12-02,0
GISTEMP,1963-11-02,0.15
GISTEMP,1963-10-02,0.15
GISTEMP,1963-09-02,0.2
GISTEMP,1963-08-02,0.25
GISTEMP,1963-07-02,0.08
GISTEMP,1963-06-02,0.03
GISTEMP,1963-05-02,-0.09
GISTEMP,1963-04-02,-0.05
GISTEMP,1963-03-02,-0.13
GISTEMP,1963-02-02,0.19
GISTEMP,1963-01-02,-0.03
GISTEMP,1962-12-02,-0.01
GISTEMP,1962-11-02,0.06
GISTEMP,1962-10-02,-0.03
GISTEMP,1962-09-02,-0.01
GISTEMP,1962-08-02,-0.02
GISTEMP,1962-07-02,-0.02
GISTEMP,1962-06-02,0.06
GISTEMP,1962-05-02,-0.06
GISTEMP,1962-04-02,0.05
GISTEMP,1962-03-02,0.12
GISTEMP,1962-02-02,0.14
GISTEMP,1962-01-02,0.08
GISTEMP,1961-12-02,-0.15
GISTEMP,1961-11-02,0.03
GISTEMP,1961-10-02,0
GISTEMP,1961-09-02,0.05
GISTEMP,1961-08-02,0.02
GISTEMP,1961-07-02,-0.03
GISTEMP,1961-06-02,0.12
GISTEMP,1961-05-02,0.13
GISTEMP,1961-04-02,0.15
GISTEMP,1961-03-02,0.09
GISTEMP,1961-02-02,0.18
GISTEMP,1961-01-02,0.07
GISTEMP,1960-12-02,0.18
GISTEMP,1960-11-02,-0.11
GISTEMP,1960-10-02,0.07
GISTEMP,1960-09-02,0.05
GISTEMP,1960-08-02,-0.01
GISTEMP,1960-07-02,-0.02
GISTEMP,1960-06-02,0.01
GISTEMP,1960-05-02,-0.08
GISTEMP,1960-04-02,-0.16
GISTEMP,1960-03-02,-0.36
GISTEMP,1960-02-02,0.14
GISTEMP,1960-01-02,-0.01
GISTEMP,1959-12-02,-0.03
GISTEMP,1959-11-02,-0.09
GISTEMP,1959-10-02,-0.09
GISTEMP,1959-09-02,-0.06
GISTEMP,1959-08-02,-0.01
GISTEMP,1959-07-02,0.06
GISTEMP,1959-06-02,0.02
GISTEMP,1959-05-02,0.06
GISTEMP,1959-04-02,0.16
GISTEMP,1959-03-02,0.19
GISTEMP,1959-02-02,0.09
GISTEMP,1959-01-02,0.06
GISTEMP,1958-12-02,0.01
GISTEMP,1958-11-02,0.02
GISTEMP,1958-10-02,0.04
GISTEMP,1958-09-02,-0.03
GISTEMP,1958-08-02,-0.06
GISTEMP,1958-07-02,0.06
GISTEMP,1958-06-02,-0.05
GISTEMP,1958-05-02,0.08
GISTEMP,1958-04-02,0.01
GISTEMP,1958-03-02,0.1
GISTEMP,1958-02-02,0.24
GISTEMP,1958-01-02,0.39
GISTEMP,1957-12-02,0.16
GISTEMP,1957-11-02,0.07
GISTEMP,1957-10-02,0.01
GISTEMP,1957-09-02,0.06
GISTEMP,1957-08-02,0.14
GISTEMP,1957-07-02,0.01
GISTEMP,1957-06-02,0.16
GISTEMP,1957-05-02,0.08
GISTEMP,1957-04-02,-0.04
GISTEMP,1957-03-02,-0.05
GISTEMP,1957-02-02,-0.05
GISTEMP,1957-01-02,-0.14
GISTEMP,1956-12-02,-0.1
GISTEMP,1956-11-02,-0.17
GISTEMP,1956-10-02,-0.24
GISTEMP,1956-09-02,-0.22
GISTEMP,1956-08-02,-0.25
GISTEMP,1956-07-02,-0.12
GISTEMP,1956-06-02,-0.15
GISTEMP,1956-05-02,-0.28
GISTEMP,1956-04-02,-0.26
GISTEMP,1956-03-02,-0.23
GISTEMP,1956-02-02,-0.25
GISTEMP,1956-01-02,-0.17
GISTEMP,1955-12-02,-0.32
GISTEMP,1955-11-02,-0.28
GISTEMP,1955-10-02,-0.05
GISTEMP,1955-09-02,-0.13
GISTEMP,1955-08-02,0.04
GISTEMP,1955-07-02,-0.09
GISTEMP,1955-06-02,-0.08
GISTEMP,1955-05-02,-0.2
GISTEMP,1955-04-02,-0.23
GISTEMP,1955-03-02,-0.36
GISTEMP,1955-02-02,-0.21
GISTEMP,1955-01-02,0.11
GISTEMP,1954-12-02,-0.18
GISTEMP,1954-11-02,0.08
GISTEMP,1954-10-02,-0.01
GISTEMP,1954-09-02,-0.07
GISTEMP,1954-08-02,-0.13
GISTEMP,1954-07-02,-0.16
GISTEMP,1954-06-02,-0.16
GISTEMP,1954-05-02,-0.2
GISTEMP,1954-04-02,-0.18
GISTEMP,1954-03-02,-0.12
GISTEMP,1954-02-02,-0.1
GISTEMP,1954-01-02,-0.28
GISTEMP,1953-12-02,0.03
GISTEMP,1953-11-02,-0.05
GISTEMP,1953-10-02,0.05
GISTEMP,1953-09-02,0.06
GISTEMP,1953-08-02,0.08
GISTEMP,1953-07-02,0.02
GISTEMP,1953-06-02,0.08
GISTEMP,1953-05-02,0.08
GISTEMP,1953-04-02,0.2
GISTEMP,1953-03-02,0.11
GISTEMP,1953-02-02,0.16
GISTEMP,1953-01-02,0.09
GISTEMP,1952-12-02,-0.02
GISTEMP,1952-11-02,-0.17
GISTEMP,1952-10-02,-0.04
GISTEMP,1952-09-02,0.08
GISTEMP,1952-08-02,0.07
GISTEMP,1952-07-02,0.05
GISTEMP,1952-06-02,-0.04
GISTEMP,1952-05-02,-0.05
GISTEMP,1952-04-02,0.02
GISTEMP,1952-03-02,-0.1
GISTEMP,1952-02-02,0.12
GISTEMP,1952-01-02,0.16
GISTEMP,1951-12-02,0.15
GISTEMP,1951-11-02,0
GISTEMP,1951-10-02,0.06
GISTEMP,1951-09-02,0.07
GISTEMP,1951-08-02,0.05
GISTEMP,1951-07-02,0
GISTEMP,1951-06-02,-0.05
GISTEMP,1951-05-02,-0.02
GISTEMP,1951-04-02,-0.1
GISTEMP,1951-03-02,-0.19
GISTEMP,1951-02-02,-0.44
GISTEMP,1951-01-02,-0.35
GISTEMP,1950-12-02,-0.2
GISTEMP,1950-11-02,-0.35
GISTEMP,1950-10-02,-0.2
GISTEMP,1950-09-02,-0.1
GISTEMP,1950-08-02,-0.18
GISTEMP,1950-07-02,-0.09
GISTEMP,1950-06-02,-0.06
GISTEMP,1950-05-02,-0.12
GISTEMP,1950-04-02,-0.21
GISTEMP,1950-03-02,-0.06
GISTEMP,1950-02-02,-0.26
GISTEMP,1950-01-02,-0.3
GISTEMP,1949-12-02,-0.19
GISTEMP,1949-11-02,-0.08
GISTEMP,1949-10-02,-0.03
GISTEMP,1949-09-02,-0.08
GISTEMP,1949-08-02,-0.08
GISTEMP,1949-07-02,-0.13
GISTEMP,1949-06-02,-0.22
GISTEMP,1949-05-02,-0.09
GISTEMP,1949-04-02,-0.07
GISTEMP,1949-03-02,-0.01
GISTEMP,1949-02-02,-0.16
GISTEMP,1949-01-02,0.09
GISTEMP,1948-12-02,-0.23
GISTEMP,1948-11-02,-0.08
GISTEMP,1948-10-02,-0.07
GISTEMP,1948-09-02,-0.1
GISTEMP,1948-08-02,-0.1
GISTEMP,1948-07-02,-0.13
GISTEMP,1948-06-02,-0.05
GISTEMP,1948-05-02,0.08
GISTEMP,1948-04-02,-0.09
GISTEMP,1948-03-02,-0.23
GISTEMP,1948-02-02,-0.13
GISTEMP,1948-01-02,0.05
GISTEMP,1947-12-02,-0.18
GISTEMP,1947-11-02,-0.01
GISTEMP,1947-10-02,0.06
GISTEMP,1947-09-02,-0.14
GISTEMP,1947-08-02,-0.08
GISTEMP,1947-07-02,-0.06
GISTEMP,1947-06-02,0
GISTEMP,1947-05-02,-0.06
GISTEMP,1947-04-02,0.04
GISTEMP,1947-03-02,0.05
GISTEMP,1947-02-02,-0.08
GISTEMP,1947-01-02,-0.13
GISTEMP,1946-12-02,-0.29
GISTEMP,1946-11-02,-0.02
GISTEMP,1946-10-02,-0.06
GISTEMP,1946-09-02,-0.02
GISTEMP,1946-08-02,-0.08
GISTEMP,1946-07-02,-0.09
GISTEMP,1946-06-02,-0.17
GISTEMP,1946-05-02,-0.04
GISTEMP,1946-04-02,0.11
GISTEMP,1946-03-02,0
GISTEMP,1946-02-02,0.06
GISTEMP,1946-01-02,0.15
GISTEMP,1945-12-02,-0.1
GISTEMP,1945-11-02,0.1
GISTEMP,1945-10-02,0.22
GISTEMP,1945-09-02,0.22
GISTEMP,1945-08-02,0.25
GISTEMP,1945-07-02,0.07
GISTEMP,1945-06-02,0.02
GISTEMP,1945-05-02,0.1
GISTEMP,1945-04-02,0.24
GISTEMP,1945-03-02,0.11
GISTEMP,1945-02-02,0.02
GISTEMP,1945-01-02,0.13
GISTEMP,1944-12-02,0.05
GISTEMP,1944-11-02,0.12
GISTEMP,1944-10-02,0.27
GISTEMP,1944-09-02,0.31
GISTEMP,1944-08-02,0.23
GISTEMP,1944-07-02,0.23
GISTEMP,1944-06-02,0.22
GISTEMP,1944-05-02,0.26
GISTEMP,1944-04-02,0.27
GISTEMP,1944-03-02,0.34
GISTEMP,1944-02-02,0.31
GISTEMP,1944-01-02,0.41
GISTEMP,1943-12-02,0.28
GISTEMP,1943-11-02,0.25
GISTEMP,1943-10-02,0.3
GISTEMP,1943-09-02,0.11
GISTEMP,1943-08-02,0.03
GISTEMP,1943-07-02,0.14
GISTEMP,1943-06-02,-0.01
GISTEMP,1943-05-02,0.1
GISTEMP,1943-04-02,0.13
GISTEMP,1943-03-02,0.01
GISTEMP,1943-02-02,0.22
GISTEMP,1943-01-02,-0.01
GISTEMP,1942-12-02,0.12
GISTEMP,1942-11-02,0.13
GISTEMP,1942-10-02,0.06
GISTEMP,1942-09-02,0
GISTEMP,1942-08-02,-0.03
GISTEMP,1942-07-02,0.02
GISTEMP,1942-06-02,0.11
GISTEMP,1942-05-02,0.14
GISTEMP,1942-04-02,0.14
GISTEMP,1942-03-02,0.13
GISTEMP,1942-02-02,0.05
GISTEMP,1942-01-02,0.26
GISTEMP,1941-12-02,0.14
GISTEMP,1941-11-02,0.12
GISTEMP,1941-10-02,0.24
GISTEMP,1941-09-02,0.02
GISTEMP,1941-08-02,0.14
GISTEMP,1941-07-02,0.15
GISTEMP,1941-06-02,0.04
GISTEMP,1941-05-02,0.1
GISTEMP,1941-04-02,0.11
GISTEMP,1941-03-02,0.06
GISTEMP,1941-02-02,0.23
GISTEMP,1941-01-02,0.13
GISTEMP,1940-12-02,0.19
GISTEMP,1940-11-02,0.13
GISTEMP,1940-10-02,0.07
GISTEMP,1940-09-02,0.12
GISTEMP,1940-08-02,0.01
GISTEMP,1940-07-02,0.1
GISTEMP,1940-06-02,0.05
GISTEMP,1940-05-02,0.05
GISTEMP,1940-04-02,0.16
GISTEMP,1940-03-02,0.12
GISTEMP,1940-02-02,0.06
GISTEMP,1940-01-02,-0.15
GISTEMP,1939-12-02,0.4
GISTEMP,1939-11-02,0.06
GISTEMP,1939-10-02,-0.03
GISTEMP,1939-09-02,0
GISTEMP,1939-08-02,-0.05
GISTEMP,1939-07-02,-0.06
GISTEMP,1939-06-02,-0.08
GISTEMP,1939-05-02,-0.07
GISTEMP,1939-04-02,-0.12
GISTEMP,1939-03-02,-0.2
GISTEMP,1939-02-02,-0.12
GISTEMP,1939-01-02,-0.13
GISTEMP,1938-12-02,-0.26
GISTEMP,1938-11-02,0.01
GISTEMP,1938-10-02,0.11
GISTEMP,1938-09-02,0.03
GISTEMP,1938-08-02,-0.04
GISTEMP,1938-07-02,-0.09
GISTEMP,1938-06-02,-0.17
GISTEMP,1938-05-02,-0.07
GISTEMP,1938-04-02,0.05
GISTEMP,1938-03-02,0.05
GISTEMP,1938-02-02,-0.04
GISTEMP,1938-01-02,0
GISTEMP,1937-12-02,-0.12
GISTEMP,1937-11-02,0.09
GISTEMP,1937-10-02,0.1
GISTEMP,1937-09-02,0.14
GISTEMP,1937-08-02,0.03
GISTEMP,1937-07-02,-0.05
GISTEMP,1937-06-02,-0.08
GISTEMP,1937-05-02,-0.07
GISTEMP,1937-04-02,-0.17
GISTEMP,1937-03-02,-0.17
GISTEMP,1937-02-02,0.05
GISTEMP,1937-01-02,-0.11
GISTEMP,1936-12-02,-0.04
GISTEMP,1936-11-02,-0.05
GISTEMP,1936-10-02,-0.04
GISTEMP,1936-09-02,-0.06
GISTEMP,1936-08-02,-0.12
GISTEMP,1936-07-02,-0.06
GISTEMP,1936-06-02,-0.19
GISTEMP,1936-05-02,-0.17
GISTEMP,1936-04-02,-0.2
GISTEMP,1936-03-02,-0.23
GISTEMP,1936-02-02,-0.39
GISTEMP,1936-01-02,-0.29
GISTEMP,1935-12-02,-0.22
GISTEMP,1935-11-02,-0.29
GISTEMP,1935-10-02,-0.08
GISTEMP,1935-09-02,-0.17
GISTEMP,1935-08-02,-0.17
GISTEMP,1935-07-02,-0.19
GISTEMP,1935-06-02,-0.23
GISTEMP,1935-05-02,-0.26
GISTEMP,1935-04-02,-0.35
GISTEMP,1935-03-02,-0.13
GISTEMP,1935-02-02,0.11
GISTEMP,1935-01-02,-0.37
GISTEMP,1934-12-02,-0.09
GISTEMP,1934-11-02,-0.01
GISTEMP,1934-10-02,-0.11
GISTEMP,1934-09-02,-0.16
GISTEMP,1934-08-02,-0.1
GISTEMP,1934-07-02,-0.11
GISTEMP,1934-06-02,-0.14
GISTEMP,1934-05-02,-0.11
GISTEMP,1934-04-02,-0.27
GISTEMP,1934-03-02,-0.31
GISTEMP,1934-02-02,-0.04
GISTEMP,1934-01-02,-0.27
GISTEMP,1933-12-02,-0.47
GISTEMP,1933-11-02,-0.31
GISTEMP,1933-10-02,-0.24
GISTEMP,1933-09-02,-0.26
GISTEMP,1933-08-02,-0.23
GISTEMP,1933-07-02,-0.2
GISTEMP,1933-06-02,-0.32
GISTEMP,1933-05-02,-0.25
GISTEMP,1933-04-02,-0.23
GISTEMP,1933-03-02,-0.29
GISTEMP,1933-02-02,-0.32
GISTEMP,1933-01-02,-0.34
GISTEMP,1932-12-02,-0.22
GISTEMP,1932-11-02,-0.26
GISTEMP,1932-10-02,-0.1
GISTEMP,1932-09-02,-0.11
GISTEMP,1932-08-02,-0.24
GISTEMP,1932-07-02,-0.24
GISTEMP,1932-06-02,-0.3
GISTEMP,1932-05-02,-0.22
GISTEMP,1932-04-02,-0.07
GISTEMP,1932-03-02,-0.2
GISTEMP,1932-02-02,-0.18
GISTEMP,1932-01-02,0.13
GISTEMP,1931-12-02,-0.1
GISTEMP,1931-11-02,-0.12
GISTEMP,1931-10-02,0
GISTEMP,1931-09-02,-0.06
GISTEMP,1931-08-02,0
GISTEMP,1931-07-02,0.01
GISTEMP,1931-06-02,-0.06
GISTEMP,1931-05-02,-0.22
GISTEMP,1931-04-02,-0.21
GISTEMP,1931-03-02,-0.06
GISTEMP,1931-02-02,-0.22
GISTEMP,1931-01-02,-0.1
GISTEMP,1930-12-02,-0.09
GISTEMP,1930-11-02,0.14
GISTEMP,1930-10-02,-0.08
GISTEMP,1930-09-02,-0.11
GISTEMP,1930-08-02,-0.11
GISTEMP,1930-07-02,-0.17
GISTEMP,1930-06-02,-0.19
GISTEMP,1930-05-02,-0.25
GISTEMP,1930-04-02,-0.26
GISTEMP,1930-03-02,-0.08
GISTEMP,1930-02-02,-0.24
GISTEMP,1930-01-02,-0.29
GISTEMP,1929-12-02,-0.55
GISTEMP,1929-11-02,-0.14
GISTEMP,1929-10-02,-0.15
GISTEMP,1929-09-02,-0.23
GISTEMP,1929-08-02,-0.29
GISTEMP,1929-07-02,-0.33
GISTEMP,1929-06-02,-0.43
GISTEMP,1929-05-02,-0.39
GISTEMP,1929-04-02,-0.4
GISTEMP,1929-03-02,-0.34
GISTEMP,1929-02-02,-0.61
GISTEMP,1929-01-02,-0.47
GISTEMP,1928-12-02,-0.2
GISTEMP,1928-11-02,-0.09
GISTEMP,1928-10-02,-0.19
GISTEMP,1928-09-02,-0.2
GISTEMP,1928-08-02,-0.25
GISTEMP,1928-07-02,-0.21
GISTEMP,1928-06-02,-0.41
GISTEMP,1928-05-02,-0.3
GISTEMP,1928-04-02,-0.29
GISTEMP,1928-03-02,-0.28
GISTEMP,1928-02-02,-0.12
GISTEMP,1928-01-02,-0.04
GISTEMP,1927-12-02,-0.36
GISTEMP,1927-11-02,-0.04
GISTEMP,1927-10-02,-0.01
GISTEMP,1927-09-02,-0.06
GISTEMP,1927-08-02,-0.19
GISTEMP,1927-07-02,-0.15
GISTEMP,1927-06-02,-0.27
GISTEMP,1927-05-02,-0.25
GISTEMP,1927-04-02,-0.31
GISTEMP,1927-03-02,-0.39
GISTEMP,1927-02-02,-0.21
GISTEMP,1927-01-02,-0.28
GISTEMP,1926-12-02,-0.3
GISTEMP,1926-11-02,-0.06
GISTEMP,1926-10-02,-0.11
GISTEMP,1926-09-02,-0.11
GISTEMP,1926-08-02,-0.11
GISTEMP,1926-07-02,-0.21
GISTEMP,1926-06-02,-0.25
GISTEMP,1926-05-02,-0.25
GISTEMP,1926-04-02,-0.15
GISTEMP,1926-03-02,0.12
GISTEMP,1926-02-02,0.07
GISTEMP,1926-01-02,0.2
GISTEMP,1925-12-02,0.11
GISTEMP,1925-11-02,0.03
GISTEMP,1925-10-02,-0.17
GISTEMP,1925-09-02,-0.13
GISTEMP,1925-08-02,-0.19
GISTEMP,1925-07-02,-0.3
GISTEMP,1925-06-02,-0.34
GISTEMP,1925-05-02,-0.3
GISTEMP,1925-04-02,-0.25
GISTEMP,1925-03-02,-0.24
GISTEMP,1925-02-02,-0.35
GISTEMP,1925-01-02,-0.34
GISTEMP,1924-12-02,-0.43
GISTEMP,1924-11-02,-0.23
GISTEMP,1924-10-02,-0.36
GISTEMP,1924-09-02,-0.3
GISTEMP,1924-08-02,-0.35
GISTEMP,1924-07-02,-0.27
GISTEMP,1924-06-02,-0.28
GISTEMP,1924-05-02,-0.19
GISTEMP,1924-04-02,-0.35
GISTEMP,1924-03-02,-0.12
GISTEMP,1924-02-02,-0.27
GISTEMP,1924-01-02,-0.24
GISTEMP,1923-12-02,-0.06
GISTEMP,1923-11-02,0.03
GISTEMP,1923-10-02,-0.13
GISTEMP,1923-09-02,-0.28
GISTEMP,1923-08-02,-0.3
GISTEMP,1923-07-02,-0.29
GISTEMP,1923-06-02,-0.24
GISTEMP,1923-05-02,-0.33
GISTEMP,1923-04-02,-0.38
GISTEMP,1923-03-02,-0.32
GISTEMP,1923-02-02,-0.37
GISTEMP,1923-01-02,-0.27
GISTEMP,1922-12-02,-0.17
GISTEMP,1922-11-02,-0.17
GISTEMP,1922-10-02,-0.33
GISTEMP,1922-09-02,-0.29
GISTEMP,1922-08-02,-0.31
GISTEMP,1922-07-02,-0.27
GISTEMP,1922-06-02,-0.32
GISTEMP,1922-05-02,-0.34
GISTEMP,1922-04-02,-0.22
GISTEMP,1922-03-02,-0.13
GISTEMP,1922-02-02,-0.44
GISTEMP,1922-01-02,-0.34
GISTEMP,1921-12-02,-0.18
GISTEMP,1921-11-02,-0.16
GISTEMP,1921-10-02,-0.06
GISTEMP,1921-09-02,-0.16
GISTEMP,1921-08-02,-0.24
GISTEMP,1921-07-02,-0.16
GISTEMP,1921-06-02,-0.31
GISTEMP,1921-05-02,-0.36
GISTEMP,1921-04-02,-0.36
GISTEMP,1921-03-02,-0.28
GISTEMP,1921-02-02,-0.21
GISTEMP,1921-01-02,-0.04
GISTEMP,1920-12-02,-0.47
GISTEMP,1920-11-02,-0.33
GISTEMP,1920-10-02,-0.29
GISTEMP,1920-09-02,-0.2
GISTEMP,1920-08-02,-0.29
GISTEMP,1920-07-02,-0.32
GISTEMP,1920-06-02,-0.33
GISTEMP,1920-05-02,-0.26
GISTEMP,1920-04-02,-0.26
GISTEMP,1920-03-02,-0.08
GISTEMP,1920-02-02,-0.22
GISTEMP,1920-01-02,-0.15
GISTEMP,1919-12-02,-0.35
GISTEMP,1919-11-02,-0.29
GISTEMP,1919-10-02,-0.16
GISTEMP,1919-09-02,-0.17
GISTEMP,1919-08-02,-0.19
GISTEMP,1919-07-02,-0.21
GISTEMP,1919-06-02,-0.28
GISTEMP,1919-05-02,-0.2
GISTEMP,1919-04-02,-0.17
GISTEMP,1919-03-02,-0.25
GISTEMP,1919-02-02,-0.19
GISTEMP,1919-01-02,-0.21
GISTEMP,1918-12-02,-0.3
GISTEMP,1918-11-02,-0.16
GISTEMP,1918-10-02,-0.03
GISTEMP,1918-09-02,-0.14
GISTEMP,1918-08-02,-0.26
GISTEMP,1918-07-02,-0.22
GISTEMP,1918-06-02,-0.28
GISTEMP,1918-05-02,-0.37
GISTEMP,1918-04-02,-0.4
GISTEMP,1918-03-02,-0.21
GISTEMP,1918-02-02,-0.33
GISTEMP,1918-01-02,-0.44
GISTEMP,1917-12-02,-0.71
GISTEMP,1917-11-02,-0.29
GISTEMP,1917-10-02,-0.35
GISTEMP,1917-09-02,-0.18
GISTEMP,1917-08-02,-0.26
GISTEMP,1917-07-02,-0.23
GISTEMP,1917-06-02,-0.4
GISTEMP,1917-05-02,-0.48
GISTEMP,1917-04-02,-0.38
GISTEMP,1917-03-02,-0.47
GISTEMP,1917-02-02,-0.53
GISTEMP,1917-01-02,-0.46
GISTEMP,1916-12-02,-0.78
GISTEMP,1916-11-02,-0.42
GISTEMP,1916-10-02,-0.28
GISTEMP,1916-09-02,-0.29
GISTEMP,1916-08-02,-0.27
GISTEMP,1916-07-02,-0.34
GISTEMP,1916-06-02,-0.44
GISTEMP,1916-05-02,-0.27
GISTEMP,1916-04-02,-0.25
GISTEMP,1916-03-02,-0.31
GISTEMP,1916-02-02,-0.23
GISTEMP,1916-01-02,-0.2
GISTEMP,1915-12-02,-0.25
GISTEMP,1915-11-02,-0.12
GISTEMP,1915-10-02,-0.22
GISTEMP,1915-09-02,-0.12
GISTEMP,1915-08-02,-0.15
GISTEMP,1915-07-02,-0.03
GISTEMP,1915-06-02,-0.16
GISTEMP,1915-05-02,-0.01
GISTEMP,1915-04-02,0.07
GISTEMP,1915-03-02,-0.08
GISTEMP,1915-02-02,-0.01
GISTEMP,1915-01-02,-0.2
GISTEMP,1914-12-02,-0.1
GISTEMP,1914-11-02,-0.2
GISTEMP,1914-10-02,-0.05
GISTEMP,1914-09-02,-0.13
GISTEMP,1914-08-02,-0.15
GISTEMP,1914-07-02,-0.24
GISTEMP,1914-06-02,-0.22
GISTEMP,1914-05-02,-0.19
GISTEMP,1914-04-02,-0.28
GISTEMP,1914-03-02,-0.23
GISTEMP,1914-02-02,-0.13
GISTEMP,1914-01-02,0.02
GISTEMP,1913-12-02,-0.04
GISTEMP,1913-11-02,-0.18
GISTEMP,1913-10-02,-0.34
GISTEMP,1913-09-02,-0.32
GISTEMP,1913-08-02,-0.32
GISTEMP,1913-07-02,-0.34
GISTEMP,1913-06-02,-0.46
GISTEMP,1913-05-02,-0.45
GISTEMP,1913-04-02,-0.36
GISTEMP,1913-03-02,-0.44
GISTEMP,1913-02-02,-0.44
GISTEMP,1913-01-02,-0.41
GISTEMP,1912-12-02,-0.42
GISTEMP,1912-11-02,-0.38
GISTEMP,1912-10-02,-0.55
GISTEMP,1912-09-02,-0.47
GISTEMP,1912-08-02,-0.51
GISTEMP,1912-07-02,-0.41
GISTEMP,1912-06-02,-0.26
GISTEMP,1912-05-02,-0.2
GISTEMP,1912-04-02,-0.2
GISTEMP,1912-03-02,-0.37
GISTEMP,1912-02-02,-0.13
GISTEMP,1912-01-02,-0.27
GISTEMP,1911-12-02,-0.25
GISTEMP,1911-11-02,-0.2
GISTEMP,1911-10-02,-0.26
GISTEMP,1911-09-02,-0.38
GISTEMP,1911-08-02,-0.43
GISTEMP,1911-07-02,-0.41
GISTEMP,1911-06-02,-0.47
GISTEMP,1911-05-02,-0.51
GISTEMP,1911-04-02,-0.55
GISTEMP,1911-03-02,-0.62
GISTEMP,1911-02-02,-0.6
GISTEMP,1911-01-02,-0.64
GISTEMP,1910-12-02,-0.69
GISTEMP,1910-11-02,-0.56
GISTEMP,1910-10-02,-0.39
GISTEMP,1910-09-02,-0.37
GISTEMP,1910-08-02,-0.34
GISTEMP,1910-07-02,-0.31
GISTEMP,1910-06-02,-0.36
GISTEMP,1910-05-02,-0.34
GISTEMP,1910-04-02,-0.39
GISTEMP,1910-03-02,-0.47
GISTEMP,1910-02-02,-0.43
GISTEMP,1910-01-02,-0.44
GISTEMP,1909-12-02,-0.55
GISTEMP,1909-11-02,-0.31
GISTEMP,1909-10-02,-0.39
GISTEMP,1909-09-02,-0.37
GISTEMP,1909-08-02,-0.3
GISTEMP,1909-07-02,-0.43
GISTEMP,1909-06-02,-0.52
GISTEMP,1909-05-02,-0.54
GISTEMP,1909-04-02,-0.59
GISTEMP,1909-03-02,-0.52
GISTEMP,1909-02-02,-0.47
GISTEMP,1909-01-02,-0.7
GISTEMP,1908-12-02,-0.5
GISTEMP,1908-11-02,-0.51
GISTEMP,1908-10-02,-0.43
GISTEMP,1908-09-02,-0.33
GISTEMP,1908-08-02,-0.45
GISTEMP,1908-07-02,-0.35
GISTEMP,1908-06-02,-0.39
GISTEMP,1908-05-02,-0.4
GISTEMP,1908-04-02,-0.46
GISTEMP,1908-03-02,-0.58
GISTEMP,1908-02-02,-0.36
GISTEMP,1908-01-02,-0.46
GISTEMP,1907-12-02,-0.5
GISTEMP,1907-11-02,-0.51
GISTEMP,1907-10-02,-0.24
GISTEMP,1907-09-02,-0.32
GISTEMP,1907-08-02,-0.37
GISTEMP,1907-07-02,-0.35
GISTEMP,1907-06-02,-0.43
GISTEMP,1907-05-02,-0.46
GISTEMP,1907-04-02,-0.4
GISTEMP,1907-03-02,-0.25
GISTEMP,1907-02-02,-0.53
GISTEMP,1907-01-02,-0.44
GISTEMP,1906-12-02,-0.18
GISTEMP,1906-11-02,-0.38
GISTEMP,1906-10-02,-0.2
GISTEMP,1906-09-02,-0.25
GISTEMP,1906-08-02,-0.19
GISTEMP,1906-07-02,-0.27
GISTEMP,1906-06-02,-0.22
GISTEMP,1906-05-02,-0.21
GISTEMP,1906-04-02,-0.02
GISTEMP,1906-03-02,-0.15
GISTEMP,1906-02-02,-0.34
GISTEMP,1906-01-02,-0.31
GISTEMP,1905-12-02,-0.21
GISTEMP,1905-11-02,-0.08
GISTEMP,1905-10-02,-0.23
GISTEMP,1905-09-02,-0.15
GISTEMP,1905-08-02,-0.21
GISTEMP,1905-07-02,-0.25
GISTEMP,1905-06-02,-0.31
GISTEMP,1905-05-02,-0.33
GISTEMP,1905-04-02,-0.36
GISTEMP,1905-03-02,-0.25
GISTEMP,1905-02-02,-0.59
GISTEMP,1905-01-02,-0.38
GISTEMP,1904-12-02,-0.29
GISTEMP,1904-11-02,-0.16
GISTEMP,1904-10-02,-0.35
GISTEMP,1904-09-02,-0.47
GISTEMP,1904-08-02,-0.43
GISTEMP,1904-07-02,-0.48
GISTEMP,1904-06-02,-0.49
GISTEMP,1904-05-02,-0.5
GISTEMP,1904-04-02,-0.5
GISTEMP,1904-03-02,-0.46
GISTEMP,1904-02-02,-0.55
GISTEMP,1904-01-02,-0.64
GISTEMP,1903-12-02,-0.47
GISTEMP,1903-11-02,-0.38
GISTEMP,1903-10-02,-0.42
GISTEMP,1903-09-02,-0.43
GISTEMP,1903-08-02,-0.44
GISTEMP,1903-07-02,-0.3
GISTEMP,1903-06-02,-0.44
GISTEMP,1903-05-02,-0.41
GISTEMP,1903-04-02,-0.39
GISTEMP,1903-03-02,-0.23
GISTEMP,1903-02-02,-0.06
GISTEMP,1903-01-02,-0.27
GISTEMP,1902-12-02,-0.46
GISTEMP,1902-11-02,-0.36
GISTEMP,1902-10-02,-0.27
GISTEMP,1902-09-02,-0.2
GISTEMP,1902-08-02,-0.28
GISTEMP,1902-07-02,-0.26
GISTEMP,1902-06-02,-0.34
GISTEMP,1902-05-02,-0.31
GISTEMP,1902-04-02,-0.27
GISTEMP,1902-03-02,-0.29
GISTEMP,1902-02-02,-0.03
GISTEMP,1902-01-02,-0.19
GISTEMP,1901-12-02,-0.3
GISTEMP,1901-11-02,-0.17
GISTEMP,1901-10-02,-0.29
GISTEMP,1901-09-02,-0.17
GISTEMP,1901-08-02,-0.13
GISTEMP,1901-07-02,-0.09
GISTEMP,1901-06-02,-0.1
GISTEMP,1901-05-02,-0.18
GISTEMP,1901-04-02,-0.06
GISTEMP,1901-03-02,0.05
GISTEMP,1901-02-02,-0.05
GISTEMP,1901-01-02,-0.3
GISTEMP,1900-12-02,-0.14
GISTEMP,1900-11-02,-0.13
GISTEMP,1900-10-02,0.08
GISTEMP,1900-09-02,0.01
GISTEMP,1900-08-02,-0.04
GISTEMP,1900-07-02,-0.09
GISTEMP,1900-06-02,-0.15
GISTEMP,1900-05-02,-0.06
GISTEMP,1900-04-02,-0.14
GISTEMP,1900-03-02,0.02
GISTEMP,1900-02-02,-0.08
GISTEMP,1900-01-02,-0.4
GISTEMP,1899-12-02,-0.27
GISTEMP,1899-11-02,0.12
GISTEMP,1899-10-02,0
GISTEMP,1899-09-02,0
GISTEMP,1899-08-02,-0.04
GISTEMP,1899-07-02,-0.13
GISTEMP,1899-06-02,-0.26
GISTEMP,1899-05-02,-0.2
GISTEMP,1899-04-02,-0.21
GISTEMP,1899-03-02,-0.35
GISTEMP,1899-02-02,-0.39
GISTEMP,1899-01-02,-0.18
GISTEMP,1898-12-02,-0.22
GISTEMP,1898-11-02,-0.35
GISTEMP,1898-10-02,-0.32
GISTEMP,1898-09-02,-0.19
GISTEMP,1898-08-02,-0.22
GISTEMP,1898-07-02,-0.22
GISTEMP,1898-06-02,-0.2
GISTEMP,1898-05-02,-0.35
GISTEMP,1898-04-02,-0.33
GISTEMP,1898-03-02,-0.55
GISTEMP,1898-02-02,-0.34
GISTEMP,1898-01-02,-0.06
GISTEMP,1897-12-02,-0.26
GISTEMP,1897-11-02,-0.18
GISTEMP,1897-10-02,-0.1
GISTEMP,1897-09-02,-0.04
GISTEMP,1897-08-02,-0.03
GISTEMP,1897-07-02,-0.04
GISTEMP,1897-06-02,-0.12
GISTEMP,1897-05-02,0
GISTEMP,1897-04-02,-0.01
GISTEMP,1897-03-02,-0.12
GISTEMP,1897-02-02,-0.19
GISTEMP,1897-01-02,-0.22
GISTEMP,1896-12-02,-0.12
GISTEMP,1896-11-02,-0.16
GISTEMP,1896-10-02,0.04
GISTEMP,1896-09-02,-0.05
GISTEMP,1896-08-02,-0.09
GISTEMP,1896-07-02,-0.06
GISTEMP,1896-06-02,-0.13
GISTEMP,1896-05-02,-0.19
GISTEMP,1896-04-02,-0.33
GISTEMP,1896-03-02,-0.29
GISTEMP,1896-02-02,-0.15
GISTEMP,1896-01-02,-0.23
GISTEMP,1895-12-02,-0.12
GISTEMP,1895-11-02,-0.15
GISTEMP,1895-10-02,-0.11
GISTEMP,1895-09-02,-0.02
GISTEMP,1895-08-02,-0.16
GISTEMP,1895-07-02,-0.16
GISTEMP,1895-06-02,-0.25
GISTEMP,1895-05-02,-0.23
GISTEMP,1895-04-02,-0.23
GISTEMP,1895-03-02,-0.3
GISTEMP,1895-02-02,-0.42
GISTEMP,1895-01-02,-0.44
GISTEMP,1894-12-02,-0.22
GISTEMP,1894-11-02,-0.25
GISTEMP,1894-10-02,-0.17
GISTEMP,1894-09-02,-0.23
GISTEMP,1894-08-02,-0.29
GISTEMP,1894-07-02,-0.32
GISTEMP,1894-06-02,-0.43
GISTEMP,1894-05-02,-0.3
GISTEMP,1894-04-02,-0.41
GISTEMP,1894-03-02,-0.2
GISTEMP,1894-02-02,-0.31
GISTEMP,1894-01-02,-0.55
GISTEMP,1893-12-02,-0.38
GISTEMP,1893-11-02,-0.17
GISTEMP,1893-10-02,-0.16
GISTEMP,1893-09-02,-0.18
GISTEMP,1893-08-02,-0.24
GISTEMP,1893-07-02,-0.14
GISTEMP,1893-06-02,-0.24
GISTEMP,1893-05-02,-0.35
GISTEMP,1893-04-02,-0.32
GISTEMP,1893-03-02,-0.24
GISTEMP,1893-02-02,-0.51
GISTEMP,1893-01-02,-0.69
GISTEMP,1892-12-02,-0.29
GISTEMP,1892-11-02,-0.49
GISTEMP,1892-10-02,-0.17
GISTEMP,1892-09-02,-0.25
GISTEMP,1892-08-02,-0.2
GISTEMP,1892-07-02,-0.28
GISTEMP,1892-06-02,-0.2
GISTEMP,1892-05-02,-0.25
GISTEMP,1892-04-02,-0.35
GISTEMP,1892-03-02,-0.36
GISTEMP,1892-02-02,-0.15
GISTEMP,1892-01-02,-0.26
GISTEMP,1891-12-02,-0.03
GISTEMP,1891-11-02,-0.37
GISTEMP,1891-10-02,-0.24
GISTEMP,1891-09-02,-0.13
GISTEMP,1891-08-02,-0.21
GISTEMP,1891-07-02,-0.22
GISTEMP,1891-06-02,-0.22
GISTEMP,1891-05-02,-0.17
GISTEMP,1891-04-02,-0.25
GISTEMP,1891-03-02,-0.15
GISTEMP,1891-02-02,-0.49
GISTEMP,1891-01-02,-0.46
GISTEMP,1890-12-02,-0.3
GISTEMP,1890-11-02,-0.37
GISTEMP,1890-10-02,-0.23
GISTEMP,1890-09-02,-0.36
GISTEMP,1890-08-02,-0.36
GISTEMP,1890-07-02,-0.3
GISTEMP,1890-06-02,-0.27
GISTEMP,1890-05-02,-0.48
GISTEMP,1890-04-02,-0.38
GISTEMP,1890-03-02,-0.41
GISTEMP,1890-02-02,-0.48
GISTEMP,1890-01-02,-0.48
GISTEMP,1889-12-02,-0.31
GISTEMP,1889-11-02,-0.32
GISTEMP,1889-10-02,-0.22
GISTEMP,1889-09-02,-0.18
GISTEMP,1889-08-02,-0.18
GISTEMP,1889-07-02,-0.05
GISTEMP,1889-06-02,-0.12
GISTEMP,1889-05-02,-0.03
GISTEMP,1889-04-02,0.04
GISTEMP,1889-03-02,0.04
GISTEMP,1889-02-02,0.14
GISTEMP,1889-01-02,-0.21
GISTEMP,1888-12-02,-0.12
GISTEMP,1888-11-02,0
GISTEMP,1888-10-02,0.01
GISTEMP,1888-09-02,-0.07
GISTEMP,1888-08-02,-0.11
GISTEMP,1888-07-02,-0.1
GISTEMP,1888-06-02,-0.2
GISTEMP,1888-05-02,-0.22
GISTEMP,1888-04-02,-0.28
GISTEMP,1888-03-02,-0.47
GISTEMP,1888-02-02,-0.43
GISTEMP,1888-01-02,-0.43
GISTEMP,1887-12-02,-0.38
GISTEMP,1887-11-02,-0.25
GISTEMP,1887-10-02,-0.32
GISTEMP,1887-09-02,-0.19
GISTEMP,1887-08-02,-0.28
GISTEMP,1887-07-02,-0.19
GISTEMP,1887-06-02,-0.21
GISTEMP,1887-05-02,-0.33
GISTEMP,1887-04-02,-0.37
GISTEMP,1887-03-02,-0.32
GISTEMP,1887-02-02,-0.48
GISTEMP,1887-01-02,-0.66
GISTEMP,1886-12-02,-0.25
GISTEMP,1886-11-02,-0.26
GISTEMP,1886-10-02,-0.25
GISTEMP,1886-09-02,-0.19
GISTEMP,1886-08-02,-0.31
GISTEMP,1886-07-02,-0.16
GISTEMP,1886-06-02,-0.39
GISTEMP,1886-05-02,-0.27
GISTEMP,1886-04-02,-0.29
GISTEMP,1886-03-02,-0.41
GISTEMP,1886-02-02,-0.46
GISTEMP,1886-01-02,-0.43
GISTEMP,1885-12-02,-0.07
GISTEMP,1885-11-02,-0.22
GISTEMP,1885-10-02,-0.2
GISTEMP,1885-09-02,-0.19
GISTEMP,1885-08-02,-0.27
GISTEMP,1885-07-02,-0.29
GISTEMP,1885-06-02,-0.5
GISTEMP,1885-05-02,-0.42
GISTEMP,1885-04-02,-0.45
GISTEMP,1885-03-02,-0.24
GISTEMP,1885-02-02,-0.3
GISTEMP,1885-01-02,-0.66
GISTEMP,1884-12-02,-0.3
GISTEMP,1884-11-02,-0.3
GISTEMP,1884-10-02,-0.22
GISTEMP,1884-09-02,-0.24
GISTEMP,1884-08-02,-0.27
GISTEMP,1884-07-02,-0.35
GISTEMP,1884-06-02,-0.38
GISTEMP,1884-05-02,-0.32
GISTEMP,1884-04-02,-0.36
GISTEMP,1884-03-02,-0.36
GISTEMP,1884-02-02,-0.13
GISTEMP,1884-01-02,-0.18
GISTEMP,1883-12-02,-0.19
GISTEMP,1883-11-02,-0.21
GISTEMP,1883-10-02,-0.12
GISTEMP,1883-09-02,-0.19
GISTEMP,1883-08-02,-0.14
GISTEMP,1883-07-02,-0.09
GISTEMP,1883-06-02,-0.13
GISTEMP,1883-05-02,-0.26
GISTEMP,1883-04-02,-0.25
GISTEMP,1883-03-02,-0.18
GISTEMP,1883-02-02,-0.42
GISTEMP,1883-01-02,-0.34
GISTEMP,1882-12-02,-0.25
GISTEMP,1882-11-02,-0.21
GISTEMP,1882-10-02,-0.23
GISTEMP,1882-09-02,-0.01
GISTEMP,1882-08-02,0.03
GISTEMP,1882-07-02,-0.11
GISTEMP,1882-06-02,-0.25
GISTEMP,1882-05-02,-0.18
GISTEMP,1882-04-02,-0.2
GISTEMP,1882-03-02,0.01
GISTEMP,1882-02-02,0.08
GISTEMP,1882-01-02,0.09
GISTEMP,1881-12-02,-0.16
GISTEMP,1881-11-02,-0.26
GISTEMP,1881-10-02,-0.2
GISTEMP,1881-09-02,-0.09
GISTEMP,1881-08-02,-0.03
GISTEMP,1881-07-02,-0.07
GISTEMP,1881-06-02,-0.28
GISTEMP,1881-05-02,-0.04
GISTEMP,1881-04-02,-0.03
GISTEMP,1881-03-02,0.01
GISTEMP,1881-02-02,-0.14
GISTEMP,1881-01-02,-0.1
GISTEMP,1880-12-02,-0.22
GISTEMP,1880-11-02,-0.19
GISTEMP,1880-10-02,-0.16
GISTEMP,1880-09-02,-0.17
GISTEMP,1880-08-02,-0.08
GISTEMP,1880-07-02,-0.24
GISTEMP,1880-06-02,-0.29
GISTEMP,1880-05-02,-0.14
GISTEMP,1880-04-02,-0.27
GISTEMP,1880-03-02,-0.18
GISTEMP,1880-02-02,-0.21
GISTEMP,1880-01-02,-0.3